,RAdeg,DEdeg,Z,LOGMSTAR,LOGMSTARERR,LOGSFRSED,LOGSFRSEDERR
0,130.71875000000003,25.07027777777778,0.0173,9.722,0.017,-0.643,0.016
1,203.80541666746137,27.629722222222224,0.0255,9.531,0.033,-0.608,0.029
2,137.7745833337307,13.122499999999999,0.0297,10.169,0.02,-0.241,0.039
3,162.9516666730245,12.243055555555555,0.0219,9.065,0.089,-0.714,0.084
4,150.75916666686533,5.869444444444445,0.0215,8.604,0.079,-1.195,0.071
5,151.54583333333332,7.224999999999999,0.0223,8.949,0.055,-0.976,0.086
6,162.0441666682561,26.163055555555555,0.0123,7.995,0.059,-1.473,0.03
7,182.1716666698456,13.902222222222223,0.1075,10.24,0.062,0.558,0.013
9,207.16833333969117,5.576944444444445,0.0233,9.32,0.077,-0.533,0.065
10,198.02666666706403,5.183611111111111,0.0235,8.711,0.078,-1.045,0.042
11,206.88541666666666,14.266666666666667,0.0215,8.583,0.094,-0.801,0.117
12,207.763333333532,13.982222222222223,0.0204,8.568,0.071,-1.1,0.075
13,212.85916666984556,14.132222222222222,0.0253,9.262,0.037,-0.893,0.041
14,217.31708333492278,11.463333333333331,0.0278,8.898,0.058,-0.603,0.016
15,215.34000000158943,25.062777777777782,0.0388,9.591,0.056,0.259,0.073
16,212.61333333651226,13.718055555555555,0.0793,10.25,0.031,-0.048,0.2
17,210.55625000000003,8.090833333333334,0.0782,10.513,0.021,-1.573,0.844
18,244.2924999992053,25.167777777777776,0.0482,9.543,0.052,-0.431,0.132
19,247.58833333651225,26.775277777777777,0.0488,9.988,0.047,-0.063,0.127
20,247.8154166658719,11.531666666666665,0.0242,9.194,0.061,-0.458,0.157
21,245.22333332697553,10.5625,0.0172,8.632,0.073,-1.196,0.048
22,224.33499999841055,8.50361111111111,0.0348,9.824,0.032,-0.277,0.054
23,168.19958333969115,25.91777777777778,0.0316,9.188,0.051,-0.685,0.067
24,200.71499999364218,27.39277777777778,0.0228,9.311,0.033,-0.523,0.029
25,186.5824999968211,27.503333333333334,0.0282,8.703,0.094,-0.622,0.091
0,203.53154,34.0163,0.0948,11.059,0.017,0.291,0.154
1,169.56148,22.422228,0.0218,9.636,0.026,-0.528,0.022
2,183.01321,14.904549,0.0229,9.964,0.021,-0.437,0.02
3,209.56839,59.28148,0.0725,10.956,0.023,0.169,0.197
4,349.51785,-0.031078,0.0335,9.878,0.024,-0.616,0.143
5,203.37357,15.458487,0.1886,11.303,0.031,-1.077,0.759
6,7.624319,-8.783309,0.018,10.188,0.026,-0.077,0.039
7,157.43343,27.254395,0.0507,10.804,0.024,0.584,0.018
8,132.07367,16.959278,0.0284,10.194,0.033,-0.067,0.094
9,169.67905,-0.36163,0.0406,10.612,0.025,0.371,0.117
10,123.59947,51.25291,0.0423,10.281,0.022,-0.296,0.107
11,135.17455,17.621782,0.013,9.152,0.072,-0.079,0.076
12,168.03616,38.76583,0.0978,11.401,0.021,0.847,0.086
13,144.37807,35.17222,0.042,10.379,0.059,0.19,0.279
15,116.75322,26.721186,0.0665,10.391,0.056,0.363,0.186
16,5.961438,16.115498,0.0368,10.399,0.028,0.116,0.218
17,135.7981,27.494188,0.1339,11.223,0.029,-0.97,0.839
18,155.93452,37.641144,0.0417,10.507,0.021,0.288,0.029
19,184.48254,5.86979,0.0235,9.84,0.033,-0.266,0.029
20,204.94736,33.669968,0.0422,10.655,0.023,0.207,0.114
21,166.14325,31.971079,0.0288,9.708,0.018,-0.703,0.033
22,172.83757,46.540283,0.0652,10.7,0.027,0.372,0.054
23,193.69926,30.544828,0.0208,9.867,0.022,-0.532,0.065
24,338.1631,-8.389759,0.0805,11.072,0.011,0.154,0.135
25,158.68105,20.36031,0.0552,10.58,0.027,-1.338,0.965
28,344.21265,-0.542347,0.1073,11.351,0.011,0.158,0.11
29,218.46828,36.711266,0.032,10.229,0.022,-0.247,0.17
30,183.29825,24.716763,0.0508,10.193,0.037,0.13,0.022
31,24.116634,-0.698184,0.0561,10.56,0.023,-0.129,0.152
32,179.48537,22.282667,0.0658,11.04,0.014,-0.026,0.067
33,208.32722,37.6434,0.0942,11.445,0.032,-0.603,0.459
34,193.32748,28.211407,0.0205,9.866,0.007,-3.306,0.437
35,166.48203,31.223099,0.0538,10.723,0.013,-0.061,0.079
36,206.77888,33.880444,0.0151,9.863,0.027,-0.003,0.021
37,163.63571,40.121597,0.0715,10.362,0.037,-1.09,0.812
38,193.34937,-0.423192,0.0478,10.698,0.018,0.3,0.017
39,180.20927,12.167629,0.0401,10.616,0.022,0.237,0.064
40,201.66188,27.039856,0.0233,9.878,0.016,-0.841,0.051
41,31.470495,-9.624251,0.0844,10.922,0.019,0.442,0.082
42,191.79605,47.40964,0.0438,10.21,0.032,0.013,0.08
43,155.88815,22.796015,0.0779,11.112,0.012,0.792,0.009
44,156.10095,28.026148,0.0211,10.123,0.054,-0.448,0.383
45,201.95589,25.932573,0.0748,11.025,0.016,0.352,0.152
46,128.73752,32.448837,0.055,10.74,0.047,0.539,0.108
47,49.741505,41.635063,0.0136,9.665,0.027,-2.45,0.723
48,173.06206,45.32109,0.1158,11.609,0.011,0.897,0.143
49,225.5249,0.115157,0.0408,10.444,0.023,0.046,0.011
50,177.58408,25.961868,0.0125,9.624,0.014,-0.244,0.01
51,24.612717,-9.192758,0.0385,10.518,0.021,-0.521,0.23
52,141.96677,32.653416,0.027,10.547,0.019,0.014,0.045
53,226.894,32.190582,0.0577,10.5,0.021,0.148,0.038
54,192.25848,-1.388273,0.0893,11.066,0.015,0.583,0.074
55,202.80246,41.796146,0.0349,9.953,0.02,-0.404,0.123
56,208.02132,35.376198,0.0561,10.63,0.054,0.352,0.411
57,131.05115,42.991737,0.0554,10.932,0.01,-0.029,0.066
58,149.14012,27.025608,0.0563,10.779,0.021,-2.217,0.549
59,240.11147,18.035545,0.0468,10.674,0.029,0.019,0.278
60,206.0358,29.487247,0.0421,10.421,0.02,-0.187,0.08
62,153.57323,-0.953674,0.0464,10.271,0.012,-0.254,0.046
63,201.69334,31.94434,0.0252,9.786,0.044,-1.171,0.493
64,201.68823,39.238476,0.035,10.109,0.034,-0.022,0.15
65,247.24545,42.419693,0.0315,10.258,0.022,-0.159,0.024
66,176.26286,56.17497,0.0494,10.534,0.02,-0.028,0.072
67,221.08508,17.780092,0.0299,9.977,0.031,-0.499,0.226
69,180.97375,25.433832,0.0108,9.229,0.02,-0.247,0.018
70,201.13837,32.613316,0.0409,10.571,0.046,0.244,0.312
71,127.39719,19.48368,0.0561,10.654,0.027,0.288,0.032
72,155.35268,25.462381,0.0208,9.715,0.007,-3.485,0.428
73,254.00496,25.826004,0.0465,10.573,0.03,-0.145,0.397
74,180.70782,27.93343,0.1353,11.29,0.022,-1.159,0.722
75,176.26874,20.607601,0.02,9.454,0.039,-1.276,0.225
76,164.95273,42.782944,0.0568,10.487,0.022,-1.122,0.932
77,177.13107,17.376621,0.0681,10.834,0.028,0.274,0.024
78,323.35364,-0.267484,0.0864,10.612,0.003,-0.069,0.002
79,141.78076,42.571465,0.0277,10.497,0.007,0.042,0.019
80,143.32104,34.626244,0.0277,10.098,0.039,-0.268,0.198
82,250.64569,13.836711,0.0752,11.018,0.026,0.693,0.143
83,254.89119,39.01672,0.0345,10.14,0.024,-0.512,0.174
84,146.76932,32.486687,0.0781,11.232,0.019,0.957,0.017
85,118.79348,14.370346,0.0448,10.5,0.028,0.434,0.008
86,199.54195,-1.243647,0.0192,10.644,0.027,0.167,0.053
87,158.88362,37.64958,0.0692,11.235,0.007,0.562,0.018
88,197.9909,14.566458,0.0267,10.11,0.042,-0.146,0.197
89,247.09792,23.498604,0.0857,10.898,0.036,0.609,0.147
90,186.27986,-1.768937,0.0649,10.776,0.027,0.486,0.054
91,188.52284,38.667427,0.0208,9.338,0.035,-0.218,0.005
92,203.60614,-3.530866,0.1189,10.807,0.044,0.619,0.204
93,206.30045,55.584164,0.0682,10.644,0.032,0.214,0.244
94,161.36221,21.814957,0.0193,9.724,0.033,-0.597,0.134
95,135.07346,20.123579,0.0703,10.878,0.012,0.092,0.125
96,219.59177,27.336304,0.0932,11.413,0.025,0.896,0.082
97,242.62335,19.954245,0.0264,10.598,0.016,0.275,0.046
98,134.94643,13.317612,0.0301,9.308,0.058,-0.441,0.106
99,137.77174,20.069843,0.0258,10.119,0.028,-0.132,0.039
100,121.17772,35.400547,0.0291,10.424,0.011,-0.304,0.018
101,246.75175,27.92995,0.1316,11.494,0.039,-0.825,0.729
102,198.46046,-2.704574,0.146,11.432,0.03,-0.657,0.853
103,194.94727,31.33346,0.0557,10.547,0.018,-0.033,0.171
104,138.81073,22.646084,0.0282,10.446,0.028,-0.02,0.194
105,317.32974,-6.833587,0.0521,10.52,0.029,-0.718,0.38
106,17.274857,14.755782,0.0385,10.483,0.017,-0.225,0.02
107,135.68272,25.421165,0.0202,10.368,0.015,-0.043,0.016
108,184.93376,29.580423,0.0646,10.813,0.013,0.159,0.042
109,221.7727,24.573195,0.0362,10.302,0.04,0.002,0.2
110,205.92151,54.95224,0.0659,10.996,0.021,0.634,0.109
111,175.78555,24.004503,0.0227,9.762,0.037,-0.4,0.093
112,148.67152,39.481647,0.0479,10.597,0.035,-0.222,0.218
113,188.13486,43.31728,0.0707,10.898,0.029,0.507,0.154
114,175.96674,16.903479,0.0757,11.224,0.01,0.218,0.039
115,181.95395,13.385305,0.0579,10.453,0.056,0.347,0.096
116,240.64674,13.94177,0.0405,10.708,0.06,0.713,0.443
117,186.39206,36.149517,0.0339,10.227,0.027,-0.279,0.091
118,201.63086,26.848324,0.0375,10.2,0.04,0.2,0.106
119,50.33916,41.024628,0.0182,9.735,0.057,-1.726,0.73
120,180.02667,19.053656,0.0419,10.348,0.038,0.118,0.183
121,189.9416,13.046034,0.0783,10.826,0.026,0.516,0.116
122,226.30559,57.3185,0.0296,10.222,0.06,0.14,0.228
123,192.40361,30.845518,0.0269,10.645,0.021,0.258,0.014
124,124.50582,20.161522,0.044,10.173,0.025,0.026,0.044
125,224.33836,44.176983,0.0118,8.988,0.012,-0.777,0.035
126,140.5763,40.567875,0.0729,10.899,0.018,0.204,0.134
127,175.329,23.094967,0.0497,10.539,0.027,0.034,0.22
128,120.18265,52.145023,0.0718,10.968,0.029,-1.221,0.772
129,180.0021,31.604467,0.0791,10.801,0.031,0.187,0.208
130,155.53188,25.487768,0.0208,10.05,0.035,-0.798,0.318
131,126.15609,12.37516,0.0836,11.197,0.009,0.545,0.064
132,244.54926,40.094772,0.0326,10.566,0.025,0.465,0.011
133,349.1787,15.665162,0.0908,11.411,0.021,0.426,0.063
134,227.66853,31.236286,0.083,11.42,0.01,0.638,0.124
135,194.06236,22.529078,0.0722,11.203,0.01,0.625,0.013
136,129.7491,37.324947,0.1218,11.447,0.012,0.743,0.046
137,173.75903,47.534462,0.0455,10.48,0.028,-0.016,0.068
138,147.44397,47.372204,0.0342,10.142,0.023,-0.385,0.254
139,203.70454,-1.393911,0.0552,10.711,0.022,0.365,0.049
140,176.4123,21.318087,0.0226,9.814,0.042,-0.311,0.063
141,5.737928,16.253117,0.0175,9.938,0.022,-0.489,0.037
142,242.72713,20.143162,0.0969,11.29,0.014,-1.202,0.677
143,168.5231,43.56408,0.0512,10.265,0.047,0.029,0.2
144,195.06638,22.555729,0.1773,11.399,0.028,1.27,0.094
145,221.05064,26.122293,0.0303,10.187,0.019,-0.25,0.031
146,188.71936,47.476635,0.0257,9.641,0.038,-0.535,0.121
147,206.75513,33.893597,0.0165,9.936,0.027,-0.369,0.098
148,226.99307,13.876324,0.0446,10.822,0.022,0.465,0.113
149,164.32153,37.112904,0.0954,10.835,0.033,0.337,0.22
150,208.99792,-1.261743,0.0245,10.614,0.015,0.188,0.018
151,213.0961,54.54071,0.0416,10.477,0.02,-0.167,0.264
152,136.75806,13.541778,0.0681,10.746,0.04,-0.289,0.68
153,158.28828,26.964294,0.042,10.621,0.037,0.25,0.186
154,237.08185,52.551888,0.0498,10.62,0.021,-0.201,0.219
156,203.51402,56.77364,0.0555,10.755,0.021,0.234,0.158
157,180.26498,13.760275,0.1061,10.622,0.064,0.849,0.119
158,166.4427,30.527075,0.0629,11.215,0.009,0.381,0.039
159,315.90164,-5.715674,0.1586,11.523,0.033,-0.604,0.726
160,118.86381,44.02934,0.0477,10.582,0.029,-0.209,0.443
161,239.4999,19.67584,0.0638,11.153,0.017,0.411,0.163
162,135.53596,20.675074,0.081,11.067,0.027,0.514,0.069
163,340.6246,-0.392894,0.0527,10.782,0.026,0.351,0.063
164,147.17162,34.383484,0.0382,10.476,0.015,-0.057,0.026
165,14.053001,-0.596688,0.0985,11.219,0.011,-0.468,0.233
166,144.24217,31.331318,0.0268,10.119,0.02,-0.24,0.026
167,359.60788,-9.900549,0.103,11.421,0.026,0.867,0.127
168,153.65762,15.693106,0.0635,10.672,0.032,0.297,0.208
169,117.68461,30.346367,0.0258,10.255,0.031,-1.847,1.005
170,173.60942,37.97405,0.0457,10.703,0.026,0.389,0.111
171,140.0519,54.10793,0.0116,8.923,0.076,-0.701,0.049
172,169.10818,15.886249,0.068,10.674,0.022,-0.04,0.115
173,248.74384,11.895353,0.0526,10.456,0.027,0.06,0.194
174,38.65088,-0.414365,0.0502,10.591,0.067,0.879,0.209
175,242.16489,12.010701,0.0161,9.818,0.028,-0.578,0.194
176,126.58071,22.876665,0.0177,9.595,0.026,-0.816,0.062
177,172.52461,44.187363,0.044,10.138,0.038,0.169,0.131
178,200.61441,41.25091,0.0431,10.151,0.025,-0.198,0.252
179,142.9096,30.975927,0.0224,9.741,0.022,-0.976,0.14
180,357.13028,-8.966911,0.0846,10.861,0.02,0.321,0.072
181,19.768421,-0.138544,0.0175,9.755,0.021,-0.809,0.062
182,27.347546,-8.441564,0.0763,11.435,0.009,0.731,0.046
183,171.82893,38.66424,0.0212,10.02,0.026,-0.365,0.045
184,172.99426,-0.050321,0.0398,10.341,0.026,0.159,0.013
185,177.21434,-2.957432,0.063,10.54,0.037,0.342,0.122
186,214.48843,21.798134,0.0735,10.701,0.034,0.269,0.157
187,163.17902,31.344858,0.0831,11.213,0.031,-1.184,0.684
188,143.84067,13.548831,0.0199,10.323,0.016,-0.302,0.092
189,139.64626,32.270008,0.0269,10.442,0.016,-0.245,0.107
190,28.874853,-8.21129,0.052,10.579,0.024,0.019,0.144
191,175.66438,24.822521,0.021,10.518,0.02,-0.088,0.059
192,140.61188,23.095745,0.0263,10.08,0.03,-0.66,0.353
193,136.26474,43.0492,0.0927,11.004,0.032,0.788,0.143
194,212.16959,32.591877,0.1909,11.459,0.021,-1.161,0.69
196,155.33888,15.948075,0.0439,10.266,0.038,-0.054,0.2
197,200.31203,40.03249,0.0751,10.696,0.018,-0.593,0.291
198,114.19974,27.046415,0.0266,9.821,0.054,-0.281,0.162
199,41.61369,-0.65852,0.0433,10.687,0.024,0.376,0.085
200,245.5895,13.853833,0.0337,10.598,0.026,0.058,0.069
201,134.04907,31.13204,0.0544,10.482,0.042,0.426,0.076
202,138.3401,45.35404,0.0265,10.05,0.037,-0.045,0.021
203,192.24327,46.854195,0.1508,11.596,0.011,-1.446,0.448
204,310.96255,-6.311937,0.0513,10.441,0.021,0.095,0.044
205,171.71486,37.139957,0.1555,11.514,0.025,-0.481,0.414
206,153.76617,21.174185,0.0207,10.081,0.023,-0.236,0.069
207,251.10132,43.730717,0.0338,10.354,0.025,0.223,0.012
208,41.72584,-0.565195,0.042,10.761,0.016,0.161,0.063
209,213.4577,57.76959,0.0398,10.952,0.031,0.097,0.406
210,168.08237,28.570822,0.0335,10.492,0.038,0.376,0.344
211,2.03017,-0.77978,0.0632,10.838,0.011,0.203,0.022
212,214.84921,24.534494,0.0389,10.463,0.047,0.491,0.259
213,328.0336,-6.894934,0.0716,11.093,0.017,0.383,0.134
214,247.00702,47.407112,0.0829,10.963,0.01,0.404,0.017
215,262.58484,53.551525,0.0804,10.705,0.032,0.434,0.105
216,17.508802,18.108194,0.0623,10.599,0.043,0.356,0.18
217,118.00602,44.01664,0.0345,10.399,0.017,-0.05,0.032
218,239.61072,41.673676,0.035,10.186,0.02,-0.2,0.127
219,199.95267,42.572163,0.0957,11.3,0.038,1.204,0.091
220,218.28387,58.591915,0.0441,10.649,0.021,0.34,0.158
221,42.002502,-1.631427,0.24,11.341,0.023,-0.564,0.816
222,214.41423,55.040897,0.0414,10.261,0.015,0.009,0.139
223,240.79407,49.417652,0.0206,10.017,0.047,-0.258,0.226
224,12.949608,15.672759,0.0523,10.401,0.045,0.206,0.26
225,138.31815,31.35845,0.0417,10.975,0.014,0.369,0.032
226,135.52957,34.49371,0.0322,9.945,0.032,-0.215,0.071
227,241.27856,42.03737,0.0768,11.111,0.019,0.595,0.046
228,168.7719,22.191338,0.0214,9.627,0.037,-0.37,0.051
229,141.45827,47.094063,0.0426,10.362,0.027,-0.37,0.217
230,169.12138,41.078335,0.0214,10.089,0.033,0.129,0.067
231,137.33954,18.875303,0.0277,10.04,0.016,-0.37,0.067
232,205.07602,32.15314,0.0258,9.983,0.027,-0.259,0.064
233,188.06503,37.528248,0.021,9.915,0.017,0.158,0.121
234,201.52206,12.389335,0.2021,11.733,0.012,-0.96,0.485
235,183.90683,58.60964,0.0818,10.92,0.029,-0.094,0.298
236,185.33765,18.41075,0.051,10.143,0.036,-0.345,0.198
237,117.27404,28.619408,0.0278,10.544,0.054,0.229,0.258
238,129.64091,35.91616,0.0273,9.894,0.03,-0.324,0.093
239,178.82985,33.146107,0.0108,8.852,0.058,-0.757,0.062
240,179.38762,20.760775,0.0674,10.589,0.035,-0.014,0.255
241,148.67245,46.371353,0.0254,10.254,0.02,-0.194,0.051
242,22.30931,-9.218784,0.0503,10.781,0.028,0.369,0.013
243,147.86333,17.808361,0.1536,11.378,0.021,-0.419,0.515
244,30.500841,20.429579,0.062,10.582,0.044,0.242,0.264
245,227.62125,36.389877,0.0454,10.316,0.031,0.07,0.05
246,155.03279,25.132483,0.0388,10.553,0.024,0.31,0.219
247,240.33836,16.306768,0.0368,10.801,0.033,0.854,0.039
248,125.23307,41.134327,0.0597,10.995,0.012,0.117,0.125
249,140.64061,50.20006,0.0169,10.051,0.028,-0.375,0.131
250,175.5819,28.589464,0.1538,11.83,0.011,-0.424,0.451
251,163.22647,18.319395,0.0761,11.036,0.015,0.466,0.029
252,358.12427,14.666885,0.0461,10.636,0.023,0.307,0.05
253,254.9919,36.691242,0.0615,10.473,0.072,0.765,0.164
254,185.02312,-2.937086,0.0918,10.733,0.017,-0.163,0.096
255,176.49417,19.803047,0.019,9.94,0.042,-1.496,0.554
256,139.45615,23.952318,0.0347,10.204,0.02,-0.251,0.1
257,121.79606,15.753632,0.0657,10.918,0.033,0.554,0.12
258,354.25443,15.319634,0.0655,10.912,0.01,-0.448,0.114
259,329.52405,-7.845214,0.0176,10.134,0.017,-0.596,0.062
260,177.25793,-1.102607,0.0199,9.88,0.026,-0.385,0.074
261,192.9747,45.673923,0.0625,10.83,0.036,0.61,0.149
262,208.06229,35.930656,0.1722,11.164,0.021,0.841,0.073
263,327.63232,-7.897013,0.1212,11.455,0.027,-0.731,0.685
264,173.65425,54.891327,0.0192,9.817,0.038,-0.529,0.169
265,219.19363,39.96539,0.0329,9.917,0.049,0.096,0.1
266,196.09306,51.760532,0.1047,11.224,0.015,0.474,0.131
267,242.44487,48.59459,0.0895,11.093,0.006,0.098,0.015
268,174.66673,55.259644,0.0637,11.128,0.032,0.851,0.132
269,167.63298,26.531448,0.0699,10.793,0.022,0.325,0.137
270,121.91327,47.80067,0.0399,10.273,0.049,0.092,0.237
271,195.09814,36.18611,0.0348,10.198,0.033,-0.226,0.136
272,188.3707,26.738045,0.0217,9.735,0.039,-0.475,0.146
273,188.50523,36.86796,0.0403,10.496,0.018,0.052,0.039
274,224.70834,20.638184,0.0445,10.416,0.038,0.227,0.081
275,202.1577,42.690727,0.0417,10.13,0.03,-0.194,0.158
276,194.81721,23.808441,0.089,10.965,0.02,-2.001,0.508
277,235.11626,46.373814,0.0607,10.573,0.046,0.316,0.166
278,236.43687,30.549965,0.0583,10.761,0.032,0.2,0.438
279,237.89926,34.530373,0.0736,10.665,0.023,0.102,0.15
280,234.63058,21.823757,0.0413,10.546,0.024,0.156,0.055
281,54.325775,-5.921077,0.0345,9.983,0.041,-0.635,0.372
282,144.97302,27.480133,0.06,10.85,0.035,0.681,0.093
283,176.71613,33.150993,0.035,9.653,0.061,-0.019,0.071
284,26.34734,17.650572,0.1751,11.345,0.018,-1.187,0.751
285,27.970245,12.601857,0.0446,10.442,0.026,0.089,0.186
286,142.39685,24.59044,0.0304,10.479,0.02,0.105,0.084
287,20.818096,-10.776189,0.0428,10.386,0.019,-0.142,0.041
288,158.47363,24.022099,0.0179,10.121,0.015,-0.193,0.306
289,50.506523,-7.882712,0.0322,10.359,0.025,-0.272,0.059
290,241.17268,33.433613,0.0593,10.477,0.038,-0.2,0.434
291,184.82442,57.22704,0.0824,11.239,0.013,0.676,0.028
292,133.75983,26.675356,0.0274,10.086,0.031,-0.13,0.072
293,144.05963,17.48479,0.0285,10.46,0.016,0.102,0.049
294,222.56966,17.372423,0.0446,10.259,0.048,-0.018,0.283
295,244.73035,51.47577,0.0573,10.849,0.014,-0.044,0.071
296,212.6957,31.721434,0.0633,10.429,0.037,0.216,0.149
297,163.14214,39.282333,0.0358,10.676,0.017,0.001,0.069
298,251.48897,39.985832,0.0302,10.238,0.035,-0.019,0.044
299,201.60202,0.036436,0.0834,11.139,0.036,-0.236,0.436
300,253.4588,23.463621,0.0572,10.635,0.025,-0.632,0.566
302,170.18282,46.821102,0.0544,10.868,0.026,0.237,0.302
303,217.16684,17.024761,0.0499,10.694,0.029,0.454,0.12
305,173.10522,14.62021,0.082,11.097,0.025,-1.704,0.515
307,239.53946,12.045887,0.0415,10.407,0.036,0.014,0.271
308,191.69392,42.939274,0.111,11.1,0.04,-0.246,0.65
309,167.28644,26.97061,0.0468,10.351,0.016,-0.223,0.034
310,235.49077,18.637522,0.0719,11.144,0.013,0.225,0.08
311,153.71333,12.498982,0.1068,11.327,0.018,0.757,0.149
312,262.4838,53.477383,0.0524,10.755,0.029,-0.076,0.271
313,177.36781,56.483536,0.0643,10.533,0.036,0.28,0.208
314,136.76988,36.11296,0.0242,10.154,0.029,-0.139,0.168
315,145.1523,24.05283,0.065,11.305,0.016,0.565,0.081
316,118.6377,23.06309,0.0925,10.799,0.035,0.59,0.134
318,163.17989,20.996492,0.0545,10.605,0.033,0.109,0.349
319,233.65619,20.736055,0.0498,10.741,0.036,0.416,0.043
320,113.25311,39.418427,0.168,11.873,0.013,-1.022,0.531
321,155.21117,14.990502,0.0456,10.475,0.044,0.327,0.158
322,197.55127,40.186565,0.0779,11.049,0.004,0.475,0.003
323,191.68008,-0.710355,0.0821,11.264,0.009,0.718,0.028
324,211.11298,-1.274877,0.0535,10.557,0.029,0.318,0.063
325,200.09804,26.30922,0.0684,11.302,0.018,0.627,0.094
326,210.25984,26.196598,0.0647,10.789,0.012,0.26,0.018
328,222.05724,13.162477,0.0293,10.489,0.024,-0.045,0.194
329,182.19217,47.222694,0.0458,10.542,0.016,0.115,0.037
330,229.30745,34.620728,0.0612,10.754,0.03,0.306,0.18
331,244.45206,49.958447,0.0565,10.318,0.026,-0.003,0.135
332,226.43037,55.959663,0.0695,11.099,0.01,0.008,0.018
333,251.73233,43.425617,0.0574,10.79,0.019,0.264,0.052
334,137.11198,38.110226,0.0475,10.497,0.026,-0.092,0.141
335,154.45758,19.46338,0.0361,10.122,0.045,-0.122,0.219
336,223.5793,49.38333,0.038,10.54,0.023,-0.369,0.213
337,244.80092,33.2212,0.0332,10.086,0.022,-0.4,0.126
338,184.51584,4.465659,0.0801,10.714,0.02,0.043,0.119
339,160.43007,18.339525,0.0303,10.168,0.037,0.028,0.101
340,199.52321,31.56897,0.0499,10.305,0.038,-0.025,0.22
341,176.12431,55.57778,0.0559,10.882,0.036,0.701,0.165
342,234.14636,43.424892,0.0194,9.968,0.049,0.073,0.093
343,115.05835,44.08835,0.0683,10.456,0.035,0.321,0.088
344,226.45026,36.538593,0.0553,10.777,0.023,-0.759,0.789
345,218.85931,27.893217,0.176,11.825,0.034,0.157,0.777
346,195.94629,-2.689553,0.0822,11.009,0.02,0.368,0.13
348,158.29292,21.851496,0.0408,9.946,0.05,0.084,0.093
349,193.35854,-2.257231,0.0475,10.427,0.06,0.358,0.089
350,148.94362,32.429436,0.0216,10.319,0.022,-0.148,0.187
351,5.566519,-0.756861,0.0587,10.887,0.031,0.545,0.192
352,138.66405,26.699549,0.0408,10.297,0.035,0.145,0.088
353,223.49588,48.40476,0.1462,11.744,0.015,-0.868,0.522
354,122.71884,47.519905,0.0406,10.405,0.033,-0.128,0.214
355,158.23007,21.76189,0.0552,10.449,0.02,0.091,0.1
356,146.4391,33.87024,0.0224,9.911,0.05,0.099,0.056
357,175.69035,19.10784,0.082,11.047,0.019,0.524,0.086
358,333.55844,13.875658,0.0242,10.1,0.058,-0.75,0.894
359,179.50456,-2.177304,0.0818,11.408,0.011,0.596,0.02
360,201.66325,19.55602,0.0226,9.737,0.019,-0.99,0.198
361,182.52232,43.442753,0.0198,9.827,0.043,-0.314,0.014
362,216.56728,13.724515,0.0425,10.258,0.025,-0.138,0.082
363,162.75426,36.19258,0.0238,10.058,0.021,-0.327,0.031
364,232.21042,13.435448,0.0314,10.599,0.023,0.033,0.088
365,148.93959,22.078238,0.0667,10.706,0.025,0.303,0.144
366,198.2008,19.446913,0.0634,10.965,0.027,0.526,0.049
367,202.50175,42.807922,0.0453,10.559,0.024,0.007,0.147
368,33.21221,-4.597719,0.1573,11.361,0.022,-0.47,0.188
369,164.36317,32.68091,0.0603,10.953,0.013,0.056,0.067
370,153.62059,-1.23111,0.0583,10.849,0.024,0.384,0.131
371,173.28172,46.728027,0.0651,10.661,0.032,0.169,0.124
372,251.65627,34.896935,0.0373,9.99,0.064,0.256,0.124
373,180.50096,34.67119,0.0887,11.16,0.028,-0.108,0.418
374,126.87578,45.492813,0.0462,10.285,0.036,-0.108,0.17
375,128.93878,38.747124,0.0564,10.624,0.037,0.065,0.25
376,222.55061,55.119427,0.0444,10.822,0.031,-0.001,0.275
377,172.71828,-3.534866,0.1825,11.335,0.01,0.188,0.079
378,154.0205,47.14644,0.17,11.587,0.028,-0.896,0.68
379,208.49803,17.157328,0.0217,9.319,0.054,-0.546,0.096
380,131.77908,27.873602,0.0207,9.979,0.024,-0.362,0.134
381,245.10329,50.23674,0.0427,10.225,0.021,-0.157,0.017
382,127.21381,13.993807,0.0542,10.785,0.03,-0.602,0.74
383,116.81805,26.95096,0.0159,9.788,0.03,-0.447,0.078
384,241.51274,14.238816,0.2054,11.655,0.011,-0.899,0.554
385,173.62056,55.336117,0.0579,10.928,0.028,0.467,0.167
386,184.8959,28.354101,0.0284,9.996,0.035,-0.898,0.361
387,347.5694,-10.243518,0.0321,10.214,0.026,-0.097,0.121
388,134.18277,44.89687,0.0475,10.385,0.069,0.494,0.245
389,40.526077,-0.893409,0.0306,10.256,0.041,-0.007,0.177
390,136.68935,19.762833,0.1017,11.022,0.036,0.6,0.141
391,317.32797,-6.683178,0.0576,10.901,0.021,-0.327,0.226
392,246.69557,39.877594,0.031,10.231,0.02,-0.137,0.071
393,157.62114,12.462882,0.0315,10.101,0.011,-0.802,0.137
394,115.62081,31.09884,0.0421,10.435,0.034,0.093,0.19
395,178.20644,12.984394,0.0853,11.085,0.017,0.075,0.182
396,155.04015,13.329675,0.0287,10.119,0.038,0.035,0.012
397,149.21693,26.018476,0.073,10.713,0.024,0.003,0.166
398,122.09674,33.556515,0.0399,10.244,0.019,-0.136,0.045
399,184.6926,48.04868,0.0601,10.778,0.022,0.475,0.112
400,218.27307,12.899272,0.0846,11.003,0.04,0.671,0.182
401,231.0339,13.593626,0.0221,10.095,0.025,-0.191,0.057
402,116.36585,34.17337,0.0608,10.853,0.015,-0.022,0.128
403,350.79898,14.901435,0.0371,10.76,0.021,0.353,0.072
404,246.4763,43.857525,0.0324,10.575,0.019,-0.007,0.038
405,177.34975,16.641907,0.0115,9.658,0.024,-0.513,0.012
406,149.74529,45.49313,0.0707,11.193,0.02,0.886,0.074
407,254.0146,39.645493,0.0157,9.701,0.026,-0.523,0.148
408,175.72932,11.979886,0.0822,11.07,0.036,0.986,0.118
409,210.31879,13.413448,0.0186,9.697,0.032,-0.514,0.079
410,157.93771,46.67169,0.0248,10.531,0.019,0.279,0.018
411,23.39203,-9.826082,0.0408,10.14,0.037,0.073,0.061
412,188.68646,47.33649,0.1306,11.307,0.017,0.763,0.017
413,172.88167,51.41063,0.0262,10.135,0.025,-0.205,0.25
414,120.55031,32.315056,0.0371,10.874,0.021,0.464,0.033
415,331.49893,-7.471735,0.0599,11.077,0.014,0.271,0.025
416,116.15205,38.044415,0.0268,10.271,0.024,-0.333,0.151
417,142.32312,30.383904,0.0266,10.275,0.012,-0.138,0.079
418,332.4608,-9.410738,0.0706,10.751,0.019,0.207,0.08
419,228.71619,35.682022,0.061,10.811,0.018,0.109,0.073
420,204.62418,13.989483,0.0429,10.527,0.045,0.26,0.154
421,198.41333,23.471998,0.065,10.556,0.05,0.404,0.154
422,203.72624,23.42755,0.0725,11.076,0.013,0.281,0.074
423,242.97414,42.757057,0.2334,11.68,0.027,0.677,0.441
424,254.04411,34.83648,0.0316,10.608,0.007,0.152,0.011
425,251.18121,40.091854,0.0335,10.24,0.041,0.069,0.142
426,5.136054,15.347357,0.0403,10.465,0.022,0.681,0.13
427,250.97575,30.449993,0.1399,11.342,0.027,-0.037,0.638
428,25.25533,-8.390659,0.0746,11.478,0.009,0.651,0.158
429,215.7355,40.417145,0.0184,10.381,0.006,-0.09,0.004
430,167.28818,28.0765,0.0468,10.559,0.025,0.255,0.05
431,215.03036,56.237328,0.0625,10.971,0.016,0.34,0.072
432,219.58017,25.90743,0.0854,10.929,0.042,0.693,0.166
433,226.04861,13.93297,0.0333,10.028,0.028,-0.294,0.063
434,136.74358,17.963783,0.0286,10.613,0.009,-0.016,0.005
435,195.14636,57.8126,0.07,10.864,0.024,0.325,0.159
436,166.38364,46.968575,0.1487,11.497,0.036,-0.634,0.577
437,195.35487,45.73428,0.0612,10.69,0.025,0.297,0.157
438,146.15878,39.549915,0.0572,10.62,0.029,0.141,0.206
439,193.27019,44.960358,0.1059,11.231,0.037,-1.067,0.642
440,170.21486,44.59739,0.0246,9.725,0.026,-0.54,0.067
441,134.32178,20.299475,0.0322,9.984,0.024,-0.472,0.168
443,167.05312,33.542183,0.06,10.761,0.03,0.151,0.15
444,118.37307,14.023025,0.0294,9.881,0.031,-0.602,0.096
445,155.66966,46.238697,0.0168,10.482,0.005,0.008,0.012
446,191.48004,18.172216,0.0734,10.763,0.026,0.304,0.219
447,132.46767,26.886553,0.0842,10.916,0.024,0.24,0.173
448,226.69325,12.850306,0.0221,10.223,0.026,-0.191,0.052
449,173.7245,13.945036,0.0537,10.596,0.046,0.59,0.052
450,142.33566,30.845036,0.0595,10.576,0.037,0.343,0.078
451,247.83989,22.69707,0.0243,10.765,0.014,0.045,0.035
452,178.57404,32.860996,0.0106,9.396,0.036,-0.831,0.14
453,218.33574,26.207947,0.016,9.327,0.064,-0.274,0.093
454,334.43307,13.320323,0.0671,11.299,0.014,0.398,0.097
455,149.62961,40.061863,0.0663,10.818,0.029,0.421,0.166
456,185.24863,20.727655,0.143,11.344,0.039,0.208,0.571
457,196.79404,21.66669,0.0663,10.601,0.02,0.106,0.103
458,165.06747,37.240143,0.0247,10.075,0.038,-0.471,0.238
459,211.25835,44.55587,0.0407,10.224,0.026,-0.335,0.138
460,149.38487,36.341167,0.0411,10.612,0.042,-0.744,0.906
461,204.64777,16.348507,0.0945,11.088,0.04,0.14,0.613
462,349.98935,-9.908601,0.0836,11.424,0.017,0.962,0.091
463,174.95699,16.980343,0.0472,10.635,0.017,0.226,0.066
464,189.25664,43.643036,0.0312,9.428,0.08,0.042,0.121
465,192.2062,29.424274,0.0226,9.76,0.011,-2.451,0.376
466,121.74253,46.13944,0.0332,10.471,0.021,-0.135,0.027
467,44.492893,-6.698417,0.0292,9.991,0.02,-0.535,0.196
468,356.24945,0.10538,0.0371,10.337,0.02,-0.254,0.204
469,176.34874,20.875355,0.0729,11.046,0.018,0.215,0.113
470,185.09854,39.23842,0.023,10.033,0.042,-0.037,0.047
471,173.26588,58.729862,0.1067,11.569,0.02,1.092,0.101
472,191.61331,43.795406,0.0405,10.246,0.028,0.001,0.086
473,142.94344,32.942978,0.0705,11.126,0.008,0.256,0.031
474,153.61906,15.902928,0.0102,9.292,0.015,-0.705,0.008
475,132.18727,11.115459,0.0779,11.061,0.02,0.538,0.063
476,184.80013,53.940056,0.0895,11.099,0.034,-0.333,0.727
477,163.33926,12.085373,0.0465,10.789,0.031,0.557,0.177
478,109.80312,40.22601,0.067,10.723,0.046,0.554,0.112
479,188.18082,49.5141,0.0439,10.042,0.056,-0.065,0.246
480,172.07796,17.235739,0.0278,9.995,0.023,-0.143,0.015
481,50.040443,-7.717714,0.0331,9.906,0.035,-0.331,0.165
482,53.751656,-0.658852,0.0362,10.459,0.018,-0.016,0.08
483,173.27243,54.68244,0.0189,9.465,0.025,-0.916,0.061
484,214.90459,27.913797,0.1148,11.62,0.018,-1.307,0.504
485,184.87138,25.898691,0.0229,9.573,0.034,-0.887,0.206
486,119.39748,29.416798,0.0689,10.988,0.014,-0.004,0.129
487,218.2539,22.12405,0.0434,10.254,0.029,0.131,0.046
488,218.31061,13.842711,0.0174,9.385,0.049,-0.565,0.092
489,123.17973,49.462612,0.0711,11.182,0.007,0.305,0.033
490,3.98096,-9.83668,0.0615,10.491,0.032,0.301,0.12
491,116.55956,46.74873,0.0312,10.285,0.021,0.012,0.031
492,121.2675,29.7227,0.0215,10.072,0.025,-0.066,0.058
493,140.97144,20.0452,0.057,10.685,0.037,0.181,0.219
494,119.89696,24.248743,0.1014,11.305,0.021,0.639,0.114
495,155.5196,12.686142,0.0256,9.91,0.036,-0.259,0.156
496,204.81436,21.1182,0.1131,11.414,0.027,0.833,0.132
497,185.37254,38.88991,0.0999,11.178,0.027,0.849,0.145
498,177.18233,21.014874,0.0259,9.859,0.032,-0.296,0.106
499,177.15176,16.505966,0.0687,10.96,0.027,0.075,0.42
500,184.53989,12.282403,0.2493,11.812,0.014,-0.141,0.374
501,345.2202,13.177796,0.0272,10.276,0.052,0.035,0.239
502,244.25064,30.985573,0.0675,10.98,0.025,0.281,0.151
503,222.60654,46.989067,0.0868,10.82,0.028,0.388,0.146
504,245.15305,36.365726,0.0305,9.811,0.016,-0.004,0.012
505,178.42513,35.169136,0.0219,9.786,0.044,-0.182,0.066
506,1.796475,-1.59719,0.0956,10.974,0.019,0.203,0.244
507,211.32288,46.145668,0.0664,11.236,0.025,0.668,0.054
508,214.88898,56.130352,0.0296,9.898,0.029,-0.595,0.218
509,240.62018,13.8848,0.0343,9.876,0.049,0.115,0.046
510,209.91396,28.061226,0.0364,10.804,0.024,0.293,0.017
511,155.60153,27.497536,0.0842,11.008,0.016,0.263,0.099
512,248.80399,30.169418,0.0899,11.27,0.021,0.684,0.212
513,125.01526,39.47607,0.0885,10.877,0.036,0.303,0.173
514,175.8265,34.97778,0.063,10.883,0.014,-0.201,0.118
515,256.12595,21.499437,0.048,10.534,0.043,0.204,0.195
516,237.74236,46.155155,0.0386,10.089,0.041,-0.191,0.2
517,171.52892,42.267925,0.0446,10.491,0.02,-0.119,0.111
518,176.38155,33.07259,0.081,10.994,0.031,-0.297,0.669
519,124.78419,21.84633,0.0143,9.506,0.026,-0.89,0.177
520,127.06806,22.034763,0.0215,9.455,0.049,-0.643,0.143
521,183.57898,43.535275,0.0241,9.668,0.055,0.247,0.039
522,128.16568,34.13396,0.053,10.794,0.025,0.286,0.078
523,178.15836,24.307632,0.0165,9.837,0.019,-0.446,0.04
524,144.73206,35.695183,0.0201,9.793,0.038,-0.383,0.243
525,8.229515,15.256195,0.0622,10.655,0.019,0.253,0.093
526,180.83978,29.419807,0.0119,9.628,0.05,-0.45,0.135
527,124.8838,21.394304,0.0136,10.141,0.018,-0.338,0.085
528,202.35655,42.010483,0.0613,10.93,0.016,0.067,0.124
529,203.99994,-3.524777,0.1764,11.922,0.022,-0.293,0.812
530,128.08119,31.190811,0.0312,9.924,0.056,0.117,0.061
531,351.45114,14.054798,0.0377,10.296,0.01,0.2,0.046
532,129.92105,39.002247,0.0254,9.932,0.036,-0.356,0.163
533,221.02663,29.101715,0.0613,10.906,0.027,0.608,0.04
534,208.71358,14.059797,0.0787,10.876,0.026,0.55,0.129
535,179.80415,20.825256,0.0701,10.8,0.025,0.424,0.069
536,250.00964,43.693768,0.0348,10.194,0.009,0.111,0.015
537,168.08228,25.547266,0.0334,10.204,0.033,-0.38,0.248
538,165.72823,35.23919,0.0316,9.987,0.024,0.045,0.015
539,216.84122,16.526941,0.0538,10.701,0.036,0.18,0.169
540,185.0976,55.73272,0.0309,9.442,0.045,0.035,0.046
541,207.07294,37.650116,0.0343,10.176,0.037,-0.018,0.207
542,139.32024,32.019157,0.0492,10.942,0.012,0.543,0.014
543,243.47372,30.649977,0.049,10.56,0.033,-0.2,0.425
544,342.83255,-8.505168,0.0789,10.861,0.016,0.338,0.051
545,158.89589,26.258461,0.0501,10.647,0.014,0.414,0.008
546,240.56807,49.203175,0.0205,10.232,0.023,-0.461,0.193
547,191.6746,43.309002,0.0405,9.89,0.053,-0.077,0.144
548,215.05441,40.34791,0.0255,9.685,0.025,-0.441,0.025
549,118.7161,45.82252,0.0216,10.055,0.038,0.115,0.027
550,227.62508,40.90216,0.028,10.185,0.017,-0.333,0.08
551,195.15898,39.830963,0.0335,10.29,0.031,-0.934,0.242
552,6.021811,15.692255,0.0752,10.911,0.042,0.165,0.382
553,169.5901,22.485338,0.0322,10.363,0.029,0.291,0.177
554,118.37166,14.611626,0.0156,9.925,0.015,-0.446,0.017
555,222.0396,14.133779,0.0216,9.584,0.03,-0.521,0.072
556,134.0633,37.755863,0.0423,10.116,0.03,-0.054,0.052
557,201.05992,13.937409,0.0595,10.964,0.025,0.367,0.322
558,183.27243,29.553293,0.1345,11.31,0.053,-1.28,0.559
559,210.64622,40.237198,0.1087,11.435,0.019,0.63,0.248
560,116.76406,18.188965,0.0532,10.472,0.03,-0.322,0.275
561,199.66435,36.59279,0.1058,11.22,0.026,0.548,0.207
562,25.798784,-10.5152,0.1119,11.19,0.021,0.347,0.203
563,199.84386,-1.129421,0.0825,11.326,0.012,0.641,0.028
564,179.70612,43.861683,0.2411,11.695,0.014,0.102,0.214
565,125.09724,35.411915,0.0624,10.952,0.015,0.312,0.116
566,349.99792,-9.097707,0.0828,11.065,0.018,-1.218,0.72
567,123.83892,21.55818,0.0143,9.874,0.029,-0.712,0.238
568,6.36663,-1.010568,0.0448,10.419,0.024,-0.081,0.063
569,348.03067,-1.276431,0.0256,9.745,0.03,-0.546,0.097
570,159.29086,20.820784,0.1045,10.652,0.061,1.022,0.068
571,125.2256,35.491333,0.0652,11.048,0.026,0.503,0.168
572,193.48329,35.209774,0.0733,10.951,0.014,0.046,0.118
573,233.65111,37.145283,0.1588,11.427,0.017,0.209,0.139
574,181.58714,37.01404,0.0207,10.178,0.032,-0.379,0.162
575,128.5725,14.547922,0.0151,9.557,0.025,-0.901,0.132
576,143.4763,34.061867,0.0265,10.251,0.019,-0.257,0.182
577,138.84703,31.352049,0.0635,10.669,0.04,-1.245,0.894
578,249.59044,41.784676,0.0763,10.972,0.013,0.075,0.139
579,135.13846,16.235579,0.0752,10.715,0.042,-1.103,0.858
580,140.04825,16.530254,0.0725,10.877,0.045,0.947,0.018
581,189.42383,32.086723,0.0233,9.954,0.017,-0.006,0.015
583,169.4631,15.822667,0.0857,11.142,0.019,0.411,0.108
584,141.003,57.524567,0.0464,10.45,0.025,-0.023,0.113
585,198.56691,-2.074945,0.114,11.173,0.028,0.951,0.024
586,122.84738,42.135296,0.0996,10.802,0.032,0.406,0.168
587,175.83772,20.263292,0.0226,9.805,0.008,-2.749,0.389
588,193.78973,-1.091114,0.123,10.905,0.03,-0.096,0.269
589,164.73782,40.033092,0.025,9.956,0.023,-0.343,0.069
590,136.91245,28.635927,0.0224,9.933,0.043,-0.259,0.066
591,161.06946,0.027234,0.0668,10.608,0.041,0.63,0.112
592,248.28542,34.633064,0.0355,10.071,0.024,-0.217,0.144
593,5.42087,0.026507,0.1106,11.399,0.024,0.834,0.081
594,183.44576,40.903385,0.1215,11.478,0.02,0.807,0.083
595,5.591802,-0.290593,0.0857,10.668,0.044,0.464,0.133
596,342.86786,-9.762481,0.064,10.804,0.02,0.264,0.162
597,124.0985,22.383059,0.0819,11.312,0.031,0.958,0.108
598,141.85367,33.698456,0.0449,10.628,0.013,0.319,0.009
599,242.57423,34.100773,0.0718,10.555,0.032,0.48,0.111
600,240.81955,22.066042,0.0878,11.135,0.014,0.473,0.042
601,177.1352,12.705293,0.0146,9.471,0.021,-1.039,0.036
602,181.05324,38.496105,0.1247,11.398,0.049,-0.804,0.605
603,30.943686,-8.557395,0.0494,10.515,0.03,0.1,0.087
604,167.64418,12.452688,0.0208,9.725,0.028,-0.508,0.06
605,159.4638,13.658678,0.0529,10.63,0.046,0.562,0.175
606,140.303,43.856735,0.0628,10.854,0.029,0.423,0.075
607,212.77277,55.14906,0.0422,10.06,0.041,0.109,0.088
608,256.38977,38.37253,0.0325,10.184,0.02,-0.479,0.048
609,231.67937,46.44411,0.0182,9.669,0.051,-0.438,0.191
610,31.615349,13.664657,0.0302,10.153,0.019,-0.484,0.106
611,225.85406,42.057556,0.0168,9.516,0.042,-0.695,0.131
612,120.6152,30.883806,0.0462,10.457,0.021,-0.094,0.115
613,210.11446,49.827923,0.0421,10.346,0.021,0.063,0.055
614,135.30096,13.044487,0.0298,10.061,0.026,-1.668,0.887
615,233.7147,39.15667,0.0653,10.732,0.017,-1.326,0.854
616,168.49307,42.552914,0.0636,10.696,0.042,0.485,0.118
617,179.87595,27.932066,0.0507,10.744,0.014,0.053,0.115
618,19.632097,14.540104,0.1268,11.588,0.034,-0.215,0.432
619,241.82506,14.407175,0.0618,10.868,0.023,0.366,0.072
620,171.43896,24.139994,0.0237,10.559,0.023,0.146,0.021
621,167.58582,22.517977,0.0323,9.818,0.04,-0.735,0.328
622,151.9946,46.80625,0.083,10.795,0.024,0.191,0.141
623,0.013896,-10.721102,0.0828,11.052,0.042,0.741,0.182
624,223.24117,56.502026,0.0689,11.116,0.014,0.077,0.048
625,207.36765,44.5767,0.062,10.703,0.044,0.658,0.061
626,149.01784,16.514816,0.0709,11.129,0.029,-1.035,0.816
627,166.58772,42.401012,0.0755,11.012,0.012,0.446,0.053
628,166.74583,23.006315,0.0208,9.681,0.048,-0.106,0.019
629,137.23793,21.545527,0.0347,10.247,0.033,-0.053,0.27
630,138.1838,39.948227,0.0941,11.309,0.016,0.704,0.119
631,121.81094,15.450072,0.0955,11.26,0.017,-0.11,0.419
632,220.26807,57.77083,0.0375,10.504,0.025,-0.199,0.098
633,252.10976,31.926329,0.0543,10.712,0.022,0.188,0.131
634,240.46675,34.176537,0.031,10.156,0.022,-0.239,0.02
635,176.356,20.61024,0.0264,9.945,0.018,-0.489,0.078
636,208.3112,32.885216,0.1114,11.258,0.038,-0.846,0.811
637,143.18886,33.6394,0.0271,10.162,0.019,-0.235,0.084
638,164.9834,42.59905,0.038,9.99,0.054,0.057,0.081
639,47.61188,-0.012521,0.0376,10.117,0.021,-0.671,0.208
640,161.42776,14.124806,0.0319,9.951,0.033,-0.336,0.222
641,208.05658,31.587603,0.1605,11.25,0.018,-1.442,0.647
642,146.48364,43.565166,0.0742,10.821,0.037,-0.115,0.64
643,122.80535,39.638294,0.0679,10.961,0.009,0.012,0.026
644,119.49792,46.01335,0.0678,11.194,0.014,0.274,0.035
645,4.126785,-0.267341,0.0393,10.573,0.022,-0.108,0.16
646,220.01436,37.124283,0.0976,11.471,0.005,-0.332,0.063
647,197.13382,59.116814,0.0433,10.541,0.015,0.152,0.01
648,223.07162,16.941317,0.0462,10.562,0.047,0.331,0.254
649,183.68451,24.612783,0.0644,10.859,0.013,0.488,0.024
650,184.85086,12.301379,0.0263,10.603,0.013,-0.143,0.032
651,199.57402,35.707172,0.053,10.208,0.043,0.085,0.184
653,135.2855,17.455788,0.0485,10.643,0.02,0.068,0.123
654,176.5375,20.447462,0.0238,9.839,0.027,-0.448,0.149
655,117.01335,28.028341,0.0271,10.171,0.041,-1.138,1.086
656,137.23805,20.912762,0.0714,10.588,0.032,0.303,0.184
657,237.09773,34.54463,0.0959,11.181,0.033,0.672,0.215
658,116.84631,22.344803,0.0455,10.631,0.029,0.002,0.286
659,134.07315,46.179993,0.0937,10.976,0.02,-1.839,0.524
660,331.48114,-9.075539,0.0811,10.922,0.036,0.467,0.16
661,41.771324,-0.448472,0.0451,10.81,0.006,-0.604,0.127
662,191.28868,23.039059,0.0227,9.357,0.046,-0.754,0.024
663,214.58887,56.482136,0.0776,10.758,0.035,0.515,0.181
664,200.89474,-0.13099,0.0515,10.533,0.042,0.286,0.206
665,154.57826,28.01847,0.0499,10.938,0.014,0.197,0.07
666,123.41866,51.887135,0.1754,11.63,0.033,-0.46,0.75
667,130.33527,53.93868,0.0316,10.699,0.021,0.156,0.113
668,135.9935,20.729586,0.0822,11.207,0.019,0.411,0.188
669,326.89548,13.087507,0.0386,10.477,0.021,-0.036,0.095
670,179.67964,25.043049,0.0155,9.825,0.021,-1.9,0.978
671,155.38644,22.546371,0.0242,10.167,0.029,0.083,0.008
672,248.29768,16.32073,0.1395,11.317,0.036,0.889,0.187
673,218.20325,23.143242,0.0607,10.408,0.019,-0.005,0.061
674,156.19206,46.988354,0.0429,10.622,0.019,0.176,0.083
675,154.28938,36.201633,0.0315,9.882,0.019,-0.597,0.164
676,223.3558,33.283348,0.0333,10.459,0.02,-0.183,0.132
677,200.32405,-1.536699,0.1099,11.165,0.025,1.015,0.066
678,199.05502,36.079533,0.0227,10.425,0.013,-0.243,0.058
679,207.33376,15.285039,0.1312,11.459,0.022,-1.41,0.552
680,5.656288,14.941196,0.1141,11.463,0.027,0.645,0.223
681,177.48691,59.6035,0.0104,9.176,0.041,-2.362,0.585
682,183.01881,32.73481,0.0251,10.486,0.017,-0.099,0.056
683,137.46027,20.986782,0.0803,10.245,0.049,0.274,0.177
684,167.27205,29.132023,0.0324,9.979,0.026,-0.493,0.203
685,191.31174,33.477516,0.1288,11.461,0.019,0.584,0.192
686,239.53831,16.311325,0.0373,10.33,0.032,-0.565,0.657
687,155.55392,16.80172,0.0357,10.623,0.044,0.429,0.234
688,240.34587,38.03476,0.2011,11.661,0.012,0.249,0.127
689,126.52332,21.667582,0.0146,9.185,0.033,-0.882,0.028
690,244.02763,11.92276,0.0333,10.163,0.035,-1.256,0.884
691,25.25874,-9.33963,0.0181,9.486,0.025,-0.822,0.049
692,210.64758,14.535047,0.0133,9.555,0.021,-0.797,0.059
693,165.20255,15.602709,0.0476,10.544,0.052,0.662,0.059
694,141.34956,15.084066,0.0541,10.553,0.047,0.341,0.111
695,118.76571,13.842862,0.05,10.423,0.016,-0.479,0.059
696,222.4949,52.609673,0.0814,11.129,0.017,0.725,0.045
697,247.09709,43.957623,0.1397,11.686,0.04,-0.48,0.461
698,167.71606,25.868195,0.0401,10.287,0.04,-0.046,0.167
699,116.57842,39.066853,0.0128,9.666,0.022,-0.999,0.078
700,127.31895,17.67784,0.0894,11.326,0.017,0.633,0.138
702,241.08652,36.368958,0.0432,10.189,0.023,-0.303,0.132
704,192.26765,31.442646,0.0921,11.26,0.054,-1.183,0.787
705,164.92664,23.38797,0.0212,9.673,0.051,-0.29,0.143
706,242.2469,23.30279,0.069,11.101,0.028,0.645,0.084
707,220.18336,56.895256,0.0407,10.613,0.016,0.208,0.139
708,139.50093,53.617264,0.0779,11.053,0.021,0.186,0.18
709,206.84988,44.991547,0.0637,10.803,0.019,0.304,0.102
710,131.03377,50.739723,0.0172,9.835,0.065,-0.337,0.239
711,234.78107,33.97045,0.0667,10.681,0.037,-0.204,0.626
712,160.65623,18.629244,0.0556,10.707,0.051,0.479,0.209
713,140.64793,20.851768,0.0316,10.388,0.03,-0.062,0.133
714,162.04778,33.19242,0.0225,9.649,0.042,-0.268,0.007
715,176.51376,39.853214,0.0335,10.216,0.018,-0.126,0.145
716,210.79492,45.280827,0.0275,9.677,0.038,-0.435,0.098
717,176.54988,19.85291,0.0182,9.946,0.007,-3.312,0.442
718,197.73257,11.874779,0.0289,9.769,0.05,0.165,0.04
719,201.6889,20.344135,0.088,11.576,0.012,0.976,0.075
720,188.03635,34.788933,0.0708,10.895,0.02,0.297,0.089
721,344.61786,-10.558996,0.0249,9.915,0.043,-0.575,0.258
722,160.49739,34.530087,0.0586,10.9,0.025,0.49,0.053
723,244.77327,50.386158,0.055,10.567,0.03,0.135,0.14
724,185.54248,18.267792,0.1259,10.734,0.03,1.367,0.119
725,166.17451,34.521385,0.1536,11.044,0.034,-1.276,0.702
726,207.51129,32.03238,0.0756,10.631,0.033,0.485,0.103
727,249.4484,30.62837,0.0578,10.695,0.023,0.248,0.059
728,115.02192,43.900635,0.0421,10.639,0.023,0.213,0.132
729,145.97902,14.802369,0.0263,10.22,0.028,-0.302,0.193
730,220.9927,25.255997,0.1165,11.187,0.028,-0.906,0.89
731,38.601795,-8.748314,0.0429,10.37,0.045,0.184,0.174
732,120.62124,-0.279828,0.0521,10.455,0.033,0.058,0.053
733,118.0514,31.633652,0.0564,10.734,0.039,0.03,0.513
734,186.64517,52.992947,0.0217,10.187,0.015,-0.236,0.046
736,176.66154,35.695362,0.0793,11.125,0.007,0.267,0.083
737,134.47873,20.120409,0.0307,10.509,0.019,-0.673,0.265
738,140.08353,27.52241,0.0266,9.712,0.061,-0.654,0.256
739,183.00792,35.40441,0.0235,9.878,0.038,0.025,0.036
740,170.85896,47.02308,0.0566,10.442,0.032,0.151,0.114
741,219.39844,-0.55669,0.1801,11.809,0.026,-0.104,0.83
742,149.57957,38.1202,0.0549,10.771,0.019,0.194,0.136
743,184.00491,59.508057,0.0147,9.431,0.037,-0.531,0.048
744,193.66179,-0.897637,0.0821,10.87,0.027,0.48,0.127
745,253.86296,42.825386,0.0535,10.31,0.038,0.283,0.122
746,256.41214,23.869516,0.0439,10.181,0.057,0.293,0.132
747,349.00797,-1.014062,0.0913,11.309,0.019,0.122,0.062
748,141.31628,16.942478,0.0389,10.399,0.046,0.37,0.135
749,112.77956,41.427822,0.0589,11.182,0.013,0.449,0.018
750,146.57133,-0.957211,0.0652,10.718,0.049,0.542,0.132
751,159.9807,26.553885,0.1023,10.986,0.022,0.519,0.178
752,122.69916,46.91226,0.0104,9.163,0.029,-0.955,0.043
753,239.55505,19.766708,0.066,10.936,0.021,0.485,0.096
755,172.5076,44.68474,0.0588,10.956,0.027,0.77,0.067
756,161.28851,18.97298,0.0283,10.071,0.046,0.017,0.025
757,196.71552,21.609457,0.0328,10.051,0.029,-0.251,0.167
758,223.39993,54.158028,0.0993,11.485,0.009,0.756,0.037
759,203.27739,33.15105,0.025,10.215,0.021,0.084,0.044
760,200.12773,58.199863,0.0661,10.644,0.028,0.215,0.153
761,13.23337,15.785531,0.052,10.345,0.025,0.416,0.035
762,169.5776,23.637869,0.0289,9.957,0.018,-0.491,0.069
763,197.90459,32.059456,0.0609,10.949,0.017,0.315,0.037
764,223.46776,42.56309,0.018,9.745,0.033,-0.438,0.088
765,206.16193,16.62949,0.0267,9.996,0.023,-0.288,0.02
766,139.99478,17.271456,0.0301,9.801,0.017,0.028,0.044
767,172.09265,-1.259099,0.0405,10.309,0.029,0.031,0.114
768,41.99061,-0.750984,0.0449,10.378,0.027,0.266,0.067
769,145.2105,26.92546,0.0527,10.56,0.03,0.399,0.079
770,249.44542,44.360466,0.0744,11.117,0.01,0.517,0.063
771,201.58842,21.114855,0.0439,10.487,0.02,0.01,0.174
772,240.45184,31.909403,0.0485,10.832,0.014,0.067,0.049
773,248.06264,21.55062,0.1399,11.382,0.026,-0.739,0.789
774,119.10459,29.469154,0.0143,9.43,0.036,-0.411,0.017
775,145.13263,28.969332,0.0189,9.912,0.018,-0.396,0.033
776,344.41296,12.915821,0.0266,10.034,0.028,-0.5,0.082
777,188.6809,46.957832,0.0244,9.969,0.007,-0.448,0.008
778,216.23587,25.02478,0.0149,10.003,0.021,-0.484,0.179
779,178.37946,20.590603,0.0228,9.559,0.047,-0.517,0.162
780,119.00533,21.79614,0.0448,10.39,0.032,0.058,0.121
1,123.69583333333335,24.753611111111113,0.0286,9.81,0.038,-0.347,0.063
2,128.12083333333334,44.18555555555555,0.0448,10.73,0.011,0.189,0.042
3,144.63333333333333,37.19138888888888,0.0147,9.477,0.032,-0.508,0.016
4,169.04999999999995,30.60916666666667,0.0426,9.685,0.052,-0.005,0.069
5,170.02083333333334,58.10611111111111,0.0178,9.232,0.038,-0.525,0.038
6,176.60000000000002,35.72833333333333,0.0359,10.111,0.059,0.128,0.169
7,180.8375,23.285000000000004,0.0229,9.236,0.053,-0.608,0.016
8,193.5291666666667,48.26083333333333,0.03,9.711,0.024,0.057,0.009
9,140.2791666666667,33.48861111111111,0.0425,10.421,0.02,-0.011,0.138
10,147.9666666666667,36.89666666666667,0.0217,9.315,0.046,-0.569,0.083
11,357.975,13.729444444444447,0.0267,8.963,0.067,-0.31,0.018
12,191.8,22.484444444444442,0.0348,9.776,0.041,-0.064,0.04
13,132.72916666666669,33.76416666666667,0.0271,10.262,0.013,-0.512,0.048
14,222.31666666666666,31.907500000000002,0.0299,10.144,0.034,-0.428,0.147
15,31.67708333333334,-0.8602777777777778,0.02,10.253,0.018,-0.119,0.015
16,118.59958333174386,38.67111111111111,0.0198,9.375,0.058,-0.455,0.099
17,141.8699999968211,40.829444444444455,0.0143,9.251,0.063,-0.701,0.016
18,143.31583333412806,42.33833333333334,0.0277,9.643,0.035,-0.522,0.081
20,144.4375,37.08861111111111,0.015,9.248,0.026,-0.626,0.016
21,145.44333333969115,46.97388888888889,0.0256,10.25,0.006,0.011,0.016
22,151.1920833269755,44.70527777777778,0.0231,9.872,0.03,-0.199,0.041
23,153.03499999841054,46.29361111111111,0.0242,10.508,0.011,-0.061,0.012
25,166.99166666666665,63.92611111111111,0.0438,10.925,0.04,-0.555,1.063
26,172.29583333333335,42.52583333333333,0.0444,11.259,0.011,0.25,0.065
28,197.07333333492284,52.007222222222225,0.0155,9.569,0.026,-0.919,0.099
29,197.92166666984556,50.24666666666667,0.0159,9.251,0.037,-0.96,0.093
30,208.28333333333333,35.71388888888889,0.0411,10.481,0.029,0.31,0.013
33,222.67333332697555,-1.7769444444444444,0.0263,10.243,0.031,0.129,0.039
34,228.5666666666667,46.33888888888889,0.0373,10.282,0.029,-0.011,0.061
35,150.96249999999998,50.348055555555554,0.0321,10.237,0.032,0.11,0.028
36,122.59583333333335,42.2736111111111,0.0635,11.564,0.005,0.009,0.138
37,155.8858333269755,52.34194444444444,0.0322,11.103,0.025,0.786,0.112
38,177.64708333015443,50.57944444444445,0.0226,9.646,0.08,-0.852,0.432
39,196.31083333492282,-0.37305555555555553,0.0227,10.049,0.019,-0.869,0.101
0,13.0375,14.503611111111113,0.0304,9.084,0.055,-0.711,0.028
1,5.583333333333333,15.941666666666668,0.0174,8.831,0.067,-0.915,0.09
2,21.27916666666666,14.61888888888889,0.022,8.931,0.046,-1.115,0.084
3,134.82083333333335,10.629722222222222,0.0301,8.795,0.073,-0.789,0.132
4,146.9,23.90694444444444,0.0238,9.421,0.038,-0.775,0.249
5,143.00416666666666,12.261666666666668,0.0197,9.201,0.068,-0.95,0.22
6,145.94166666666666,14.680000000000001,0.0128,8.597,0.033,-1.395,0.027
7,136.8666666666667,15.426111111111112,0.0128,7.992,0.075,-1.493,0.043
8,140.125,12.837777777777777,0.0357,9.359,0.067,-0.575,0.162
9,140.17916666666665,12.835833333333332,0.036,9.644,0.049,-0.499,0.229
10,137.00833333333333,27.41277777777778,0.0224,8.677,0.056,-1.246,0.082
11,137.23333333333335,27.51388888888889,0.0219,8.921,0.042,-1.207,0.095
12,137.34583333333333,27.619999999999997,0.0228,8.797,0.093,-0.646,0.171
13,139.9,26.875833333333333,0.0237,8.989,0.067,-0.945,0.147
14,141.63333333333333,26.29722222222222,0.0488,9.553,0.078,-0.316,0.168
15,150.22916666666669,12.98111111111111,0.0206,8.937,0.067,-0.885,0.16
16,150.44583333333335,7.321388888888889,0.0326,8.979,0.065,-0.797,0.087
17,151.52083333333337,7.466388888888889,0.0222,8.436,0.067,-1.135,0.115
18,164.60833333333335,6.545555555555556,0.022,8.729,0.067,-1.045,0.108
19,150.57083333333335,4.9608333333333325,0.0131,8.568,0.057,-1.378,0.117
20,152.41666666666666,5.286111111111112,0.0141,8.274,0.062,-1.576,0.058
21,156.87500000000003,14.585555555555555,0.0202,8.463,0.064,-1.209,0.082
22,170.725,26.605,0.02,9.179,0.061,-0.823,0.164
23,176.53750000000002,12.879444444444445,0.011,8.365,0.058,-1.388,0.098
24,173.44999999999996,9.071111111111112,0.0206,8.679,0.053,-1.214,0.081
25,177.06250000000003,10.753055555555555,0.0214,8.551,0.059,-1.147,0.06
26,174.21249999999998,7.67361111111111,0.018,8.19,0.082,-0.953,0.083
27,174.1333333333333,5.270555555555556,0.0213,8.434,0.088,-1.017,0.129
28,166.05416666666665,4.330555555555556,0.0203,8.953,0.039,-1.235,0.044
29,166.83333333333334,4.542222222222223,0.023,8.991,0.04,-1.17,0.076
30,177.41666666666669,12.393888888888888,0.0107,8.195,0.085,-1.62,0.052
31,180.82083333333333,26.578055555555554,0.0109,8.453,0.065,-1.34,0.116
32,186.32083333333333,11.007222222222222,0.0396,9.4,0.054,-0.471,0.084
33,191.5333333333333,4.443611111111111,0.0236,9.258,0.039,-1.077,0.193
34,180.29583333333335,15.626111111111111,0.0227,8.84,0.05,-1.168,0.061
35,188.17083333333335,14.694722222222222,0.0241,8.788,0.086,-0.648,0.106
36,194.9541666666667,12.656944444444445,0.0212,8.583,0.061,-1.187,0.074
37,191.77083333333337,9.936666666666667,0.0237,8.976,0.042,-1.088,0.063
38,194.90833333333336,6.446388888888888,0.0212,8.553,0.062,-1.156,0.073
39,209.4375,25.600833333333334,0.0315,9.339,0.059,-0.797,0.221
40,209.82083333333335,24.99861111111111,0.0371,9.914,0.037,-0.747,0.566
41,195.275,11.506388888888889,0.0225,8.636,0.076,-0.95,0.133
42,197.22500000000002,13.456944444444444,0.0255,8.683,0.07,-0.889,0.105
43,203.40833333333336,8.023055555555555,0.0247,9.166,0.064,-0.861,0.174
44,222.59583333333336,12.012777777777778,0.0372,9.796,0.039,-0.446,0.175
45,211.43750000000003,13.790833333333335,0.0131,8.243,0.063,-1.329,0.067
46,210.55416666666665,4.095277777777778,0.0243,8.725,0.055,-1.09,0.046
47,212.4333333333334,11.116111111111111,0.0211,8.847,0.053,-1.127,0.075
48,210.78333333333333,9.298888888888888,0.0185,8.361,0.072,-1.319,0.094
49,214.69583333333333,6.747222222222222,0.0249,8.613,0.073,-0.772,0.088
50,219.48749999999998,6.385000000000001,0.0299,9.738,0.026,-0.909,0.125
51,221.40416666666667,15.068055555555556,0.0189,8.519,0.055,-1.487,0.069
52,224.69166666666666,12.035555555555556,0.0317,9.442,0.042,-0.734,0.135
53,236.74999999999997,27.198055555555552,0.0316,8.876,0.084,-0.737,0.154
54,225.97500000000002,5.9769444444444435,0.0107,8.579,0.058,-1.431,0.115
55,241.24583333333337,8.453611111111112,0.0173,8.845,0.058,-1.078,0.109
56,350.4749999999999,15.236944444444445,0.0142,8.826,0.044,-1.28,0.088
57,351.7875,14.401111111111112,0.0143,8.425,0.055,-1.539,0.029
58,353.1166666666667,14.403333333333332,0.0139,8.361,0.069,-1.242,0.105
59,186.86666666666667,9.323055555555555,0.0241,8.808,0.052,-1.063,0.069
60,151.84583333333333,24.766111111111112,0.0213,9.057,0.053,-1.02,0.126
61,155.3125,25.650277777777777,0.019,8.569,0.057,-1.221,0.064
62,162.80416666666667,27.549722222222222,0.0137,8.581,0.049,-1.351,0.075
63,164.5,26.63888888888889,0.0217,8.493,0.085,-1.042,0.057
64,178.55833333333334,24.262500000000003,0.0233,8.664,0.083,-0.805,0.134
65,179.14583333333334,25.821666666666662,0.0165,8.564,0.083,-0.875,0.113
66,198.1583333333333,26.798333333333332,0.0222,8.674,0.064,-1.014,0.084
67,207.7125,27.04166666666667,0.0159,8.591,0.076,-1.086,0.162
68,211.81666666666666,25.164722222222224,0.0296,8.973,0.065,-0.938,0.122
69,217.94583333333335,25.55,0.0157,8.628,0.066,-1.143,0.141
70,117.40416666666665,28.08194444444445,0.0262,8.956,0.056,-0.828,0.099
71,173.01666666666668,24.669722222222223,0.0232,8.642,0.056,-1.138,0.053
72,179.55833333333337,26.309166666666666,0.0231,8.794,0.072,-0.9,0.08
73,197.16666666666666,24.076944444444443,0.0221,8.607,0.065,-1.039,0.105
74,197.85416666666669,24.859444444444446,0.0237,8.655,0.089,-0.869,0.155
75,201.02916666666667,25.183333333333334,0.0336,8.999,0.067,-0.66,0.066
76,202.78750000000002,27.314166666666665,0.0304,8.788,0.065,-0.917,0.105
77,221.03333333333333,26.405277777777776,0.0307,9.227,0.071,-0.772,0.194
78,221.47916666666663,24.93527777777778,0.0342,9.621,0.071,-0.427,0.242
79,228.48749999999998,27.254444444444445,0.0226,8.507,0.064,-1.06,0.034
80,202.42499999999995,10.61,0.0267,8.741,0.062,-0.894,0.055
81,150.3708333333333,23.88916666666667,0.0137,8.41,0.052,-1.702,0.05
82,176.45416666666668,26.119722222222226,0.0257,8.666,0.053,-1.086,0.06
0,,,0.0304,9.084,0.055,-0.711,0.028
1,,,0.0174,8.831,0.067,-0.915,0.09
2,,,0.022,8.931,0.046,-1.115,0.084
3,,,0.0301,8.795,0.073,-0.789,0.132
4,,,0.0238,9.421,0.038,-0.775,0.249
5,,,0.0197,9.201,0.068,-0.95,0.22
6,,,0.0128,8.597,0.033,-1.395,0.027
7,,,0.0128,7.992,0.075,-1.493,0.043
8,,,0.0357,9.359,0.067,-0.575,0.162
9,,,0.036,9.644,0.049,-0.499,0.229
10,,,0.0224,8.677,0.056,-1.246,0.082
11,,,0.0219,8.921,0.042,-1.207,0.095
12,,,0.0228,8.797,0.093,-0.646,0.171
13,,,0.0237,8.989,0.067,-0.945,0.147
14,,,0.0488,9.553,0.078,-0.316,0.168
15,,,0.0206,8.937,0.067,-0.885,0.16
16,,,0.0326,8.979,0.065,-0.797,0.087
17,,,0.0222,8.436,0.067,-1.135,0.115
18,,,0.022,8.729,0.067,-1.045,0.108
19,,,0.0131,8.568,0.057,-1.378,0.117
20,,,0.0141,8.274,0.062,-1.576,0.058
21,,,0.0202,8.463,0.064,-1.209,0.082
22,,,0.02,9.179,0.061,-0.823,0.164
23,,,0.011,8.365,0.058,-1.388,0.098
24,,,0.0206,8.679,0.053,-1.214,0.081
25,,,0.0214,8.551,0.059,-1.147,0.06
26,,,0.018,8.19,0.082,-0.953,0.083
27,,,0.0213,8.434,0.088,-1.017,0.129
28,,,0.0203,8.953,0.039,-1.235,0.044
29,,,0.023,8.991,0.04,-1.17,0.076
30,,,0.0107,8.195,0.085,-1.62,0.052
31,,,0.0109,8.453,0.065,-1.34,0.116
32,,,0.0396,9.4,0.054,-0.471,0.084
33,,,0.0236,9.258,0.039,-1.077,0.193
34,,,0.0227,8.84,0.05,-1.168,0.061
35,,,0.0241,8.788,0.086,-0.648,0.106
36,,,0.0212,8.583,0.061,-1.187,0.074
37,,,0.0237,8.976,0.042,-1.088,0.063
38,,,0.0212,8.553,0.062,-1.156,0.073
39,,,0.0315,9.339,0.059,-0.797,0.221
40,,,0.0371,9.914,0.037,-0.747,0.566
41,,,0.0225,8.636,0.076,-0.95,0.133
42,,,0.0255,8.683,0.07,-0.889,0.105
43,,,0.0247,9.166,0.064,-0.861,0.174
44,,,0.0372,9.796,0.039,-0.446,0.175
45,,,0.0131,8.243,0.063,-1.329,0.067
46,,,0.0243,8.725,0.055,-1.09,0.046
47,,,0.0211,8.847,0.053,-1.127,0.075
48,,,0.0185,8.361,0.072,-1.319,0.094
49,,,0.0249,8.613,0.073,-0.772,0.088
50,,,0.0299,9.738,0.026,-0.909,0.125
51,,,0.0189,8.519,0.055,-1.487,0.069
52,,,0.0317,9.442,0.042,-0.734,0.135
53,,,0.0316,8.876,0.084,-0.737,0.154
54,,,0.0107,8.579,0.058,-1.431,0.115
55,,,0.0173,8.845,0.058,-1.078,0.109
56,,,0.0142,8.826,0.044,-1.28,0.088
57,,,0.0143,8.425,0.055,-1.539,0.029
58,,,0.0139,8.361,0.069,-1.242,0.105
59,,,0.0241,8.808,0.052,-1.063,0.069
60,,,0.0213,9.057,0.053,-1.02,0.126
61,,,0.019,8.569,0.057,-1.221,0.064
62,,,0.0137,8.581,0.049,-1.351,0.075
63,,,0.0217,8.493,0.085,-1.042,0.057
64,,,0.0233,8.664,0.083,-0.805,0.134
65,,,0.0165,8.564,0.083,-0.875,0.113
66,,,0.0222,8.674,0.064,-1.014,0.084
67,,,0.0159,8.591,0.076,-1.086,0.162
68,,,0.0296,8.973,0.065,-0.938,0.122
69,,,0.0157,8.628,0.066,-1.143,0.141
70,,,0.0262,8.956,0.056,-0.828,0.099
71,,,0.0232,8.642,0.056,-1.138,0.053
72,,,0.0231,8.794,0.072,-0.9,0.08
73,,,0.0221,8.607,0.065,-1.039,0.105
74,,,0.0237,8.655,0.089,-0.869,0.155
75,,,0.0336,8.999,0.067,-0.66,0.066
76,,,0.0304,8.788,0.065,-0.917,0.105
77,,,0.0307,9.227,0.071,-0.772,0.194
78,,,0.0342,9.621,0.071,-0.427,0.242
79,,,0.0226,8.507,0.064,-1.06,0.034
80,,,0.0267,8.741,0.062,-0.894,0.055
81,,,0.0137,8.41,0.052,-1.702,0.05
82,,,0.0257,8.666,0.053,-1.086,0.06
0,,,,9.2,,-0.434,
1,,,,10.573,,0.219,
2,,,,9.337,,-0.46,
3,,,,10.496,,-0.502,
4,,,,9.384,,-0.603,
5,,,,9.881,,-0.287,
6,,,,9.782,,0.073,
7,,,,10.057,,-0.052,
8,,,,9.119,,-0.997,
9,,,,8.628,,-0.528,
10,,,,9.171,,-0.545,
11,,,,9.5,,-0.375,
12,,,,9.507,,-0.676,
13,,,,10.168,,0.145,
14,,,,9.229,,-0.651,
15,,,,10.008,,-0.021,
16,,,,9.049,,-0.602,
17,,,,9.856,,-0.215,
18,,,,9.689,,-0.383,
19,,,,9.806,,0.063,
20,,,,9.279,,-0.515,
21,,,,9.111,,-0.707,
22,,,,8.962,,-0.781,
23,,,,8.851,,-0.677,
24,,,,9.92,,-0.457,
25,,,,9.139,,-0.404,
26,,,,10.197,,0.053,
27,,,,8.494,,-1.233,
28,,,,9.767,,-0.327,
29,,,,8.943,,-1.251,
30,,,,9.407,,-0.907,
31,,,,9.283,,-0.704,
32,,,,8.803,,-0.595,
33,,,,9.081,,-0.778,
34,,,,10.378,,-0.058,
35,,,,9.495,,-0.611,
36,,,,9.635,,-0.235,
37,,,,9.459,,-0.794,
38,,,,8.8,,-1.222,
39,,,,9.223,,-0.099,
40,,,,8.626,,-0.967,
41,,,,9.112,,-0.855,
42,,,,8.024,,-1.581,
43,,,,10.819,,0.251,
44,,,,9.259,,-0.346,
45,,,,9.069,,-0.798,
46,,,,9.183,,-0.842,
47,,,,8.905,,-0.85,
48,,,,9.934,,-0.307,
49,,,,9.344,,-0.572,
50,,,,8.979,,-0.797,
51,,,,8.914,,-0.945,
52,,,,9.183,,-0.728,
53,,,,8.871,,-0.754,
54,,,,8.914,,-0.678,
